GC049234_AAGAGGCA-AAGGAGTA,1
GC049234_AAGAGGCA-AAGGCTAT,1
GC049234_AAGAGGCA-ACTGCATA,1
GC049234_AAGAGGCA-CCTAGAGT,1
GC049234_AAGAGGCA-CGTCTAAT,1
GC049234_AAGAGGCA-CTAAGCCT,1
GC049234_AAGAGGCA-CTATTAAG,1
GC049234_AAGAGGCA-CTCTCTAT,2
GC049234_AAGAGGCA-GAGCCTTA,1
GC049234_AAGAGGCA-GCGTAAGA,1
GC049234_AAGAGGCA-GTAAGGAG,2
GC049234_AAGAGGCA-TATCCTCT,2
GC049234_AAGAGGCA-TCGACTAG,1
GC049234_AAGAGGCA-TCTCTCCG,1
GC049234_AAGAGGCA-TTATGCGA,1
GC049234_AAGAGGCA-TTCTAGCT,1
GC049234_ACTCGCTA-AAGGAGTA,1
GC049234_ACTCGCTA-AAGGCTAT,1
GC049234_ACTCGCTA-ACTGCATA,1
GC049234_ACTCGCTA-CCTAGAGT,1
GC049234_ACTCGCTA-CGTCTAAT,1
GC049234_ACTCGCTA-CTAAGCCT,1
GC049234_ACTCGCTA-CTATTAAG,1
GC049234_ACTCGCTA-CTCTCTAT,2
GC049234_ACTCGCTA-GAGCCTTA,1
GC049234_ACTCGCTA-GCGTAAGA,1
GC049234_ACTCGCTA-GTAAGGAG,2
GC049234_ACTCGCTA-TATCCTCT,2
GC049234_ACTCGCTA-TCGACTAG,1
GC049234_ACTCGCTA-TCTCTCCG,1
GC049234_ACTCGCTA-TTATGCGA,1
GC049234_ACTCGCTA-TTCTAGCT,1
GC049234_ACTGAGCG-AAGGAGTA,1
GC049234_ACTGAGCG-AAGGCTAT,1
GC049234_ACTGAGCG-ACTGCATA,1
GC049234_ACTGAGCG-CCTAGAGT,1
GC049234_ACTGAGCG-CGTCTAAT,1
GC049234_ACTGAGCG-CTAAGCCT,1
GC049234_ACTGAGCG-CTATTAAG,1
GC049234_ACTGAGCG-CTCTCTAT,2
GC049234_ACTGAGCG-GAGCCTTA,1
GC049234_ACTGAGCG-GCGTAAGA,1
GC049234_ACTGAGCG-GTAAGGAG,2
GC049234_ACTGAGCG-TATCCTCT,2
GC049234_ACTGAGCG-TCGACTAG,1
GC049234_ACTGAGCG-TCTCTCCG,1
GC049234_ACTGAGCG-TTATGCGA,1
GC049234_ACTGAGCG-TTCTAGCT,1
GC049234_AGGCAGAA-AAGGAGTA,1
GC049234_AGGCAGAA-AAGGCTAT,1
GC049234_AGGCAGAA-ACTGCATA,1
GC049234_AGGCAGAA-CCTAGAGT,1
GC049234_AGGCAGAA-CGTCTAAT,1
GC049234_AGGCAGAA-CTAAGCCT,1
GC049234_AGGCAGAA-CTATTAAG,1
GC049234_AGGCAGAA-CTCTCTAT,2
GC049234_AGGCAGAA-GAGCCTTA,1
GC049234_AGGCAGAA-GCGTAAGA,1
GC049234_AGGCAGAA-GTAAGGAG,2
GC049234_AGGCAGAA-TATCCTCT,2
GC049234_AGGCAGAA-TCGACTAG,1
GC049234_AGGCAGAA-TCTCTCCG,1
GC049234_AGGCAGAA-TTATGCGA,1
GC049234_AGGCAGAA-TTCTAGCT,1
GC049234_ATCTCAGG-AAGGAGTA,1
GC049234_ATCTCAGG-AAGGCTAT,1
GC049234_ATCTCAGG-ACTGCATA,1
GC049234_ATCTCAGG-CCTAGAGT,1
GC049234_ATCTCAGG-CGTCTAAT,1
GC049234_ATCTCAGG-CTAAGCCT,1
GC049234_ATCTCAGG-CTATTAAG,1
GC049234_ATCTCAGG-CTCTCTAT,2
GC049234_ATCTCAGG-GAGCCTTA,1
GC049234_ATCTCAGG-GCGTAAGA,1
GC049234_ATCTCAGG-GTAAGGAG,2
GC049234_ATCTCAGG-TATCCTCT,2
GC049234_ATCTCAGG-TCGACTAG,1
GC049234_ATCTCAGG-TCTCTCCG,1
GC049234_ATCTCAGG-TTATGCGA,1
GC049234_ATCTCAGG-TTCTAGCT,1
GC049234_ATGCGCAG-AAGGAGTA,1
GC049234_ATGCGCAG-AAGGCTAT,1
GC049234_ATGCGCAG-ACTGCATA,1
GC049234_ATGCGCAG-CCTAGAGT,1
GC049234_ATGCGCAG-CGTCTAAT,1
GC049234_ATGCGCAG-CTAAGCCT,1
GC049234_ATGCGCAG-CTATTAAG,1
GC049234_ATGCGCAG-CTCTCTAT,2
GC049234_ATGCGCAG-GAGCCTTA,1
GC049234_ATGCGCAG-GCGTAAGA,1
GC049234_ATGCGCAG-GTAAGGAG,2
GC049234_ATGCGCAG-TATCCTCT,2
GC049234_ATGCGCAG-TCGACTAG,1
GC049234_ATGCGCAG-TCTCTCCG,1
GC049234_ATGCGCAG-TTATGCGA,1
GC049234_ATGCGCAG-TTCTAGCT,1
GC049234_CCTAAGAC-AAGGAGTA,1
GC049234_CCTAAGAC-AAGGCTAT,1
GC049234_CCTAAGAC-ACTGCATA,1
GC049234_CCTAAGAC-CCTAGAGT,1
GC049234_CCTAAGAC-CGTCTAAT,1
GC049234_CCTAAGAC-CTAAGCCT,1
GC049234_CCTAAGAC-CTATTAAG,1
GC049234_CCTAAGAC-CTCTCTAT,2
GC049234_CCTAAGAC-GAGCCTTA,1
GC049234_CCTAAGAC-GCGTAAGA,1
GC049234_CCTAAGAC-GTAAGGAG,2
GC049234_CCTAAGAC-TATCCTCT,2
GC049234_CCTAAGAC-TCGACTAG,1
GC049234_CCTAAGAC-TCTCTCCG,1
GC049234_CCTAAGAC-TTATGCGA,1
GC049234_CCTAAGAC-TTCTAGCT,1
GC049234_CGAGGCTG-AAGGAGTA,1
GC049234_CGAGGCTG-AAGGCTAT,1
GC049234_CGAGGCTG-ACTGCATA,1
GC049234_CGAGGCTG-CCTAGAGT,1
GC049234_CGAGGCTG-CGTCTAAT,1
GC049234_CGAGGCTG-CTAAGCCT,1
GC049234_CGAGGCTG-CTATTAAG,1
GC049234_CGAGGCTG-CTCTCTAT,2
GC049234_CGAGGCTG-GAGCCTTA,1
GC049234_CGAGGCTG-GCGTAAGA,1
GC049234_CGAGGCTG-GTAAGGAG,2
GC049234_CGAGGCTG-TATCCTCT,2
GC049234_CGAGGCTG-TCGACTAG,1
GC049234_CGAGGCTG-TCTCTCCG,1
GC049234_CGAGGCTG-TTATGCGA,1
GC049234_CGAGGCTG-TTCTAGCT,1
GC049234_CGATCAGT-AAGGAGTA,1
GC049234_CGATCAGT-AAGGCTAT,1
GC049234_CGATCAGT-ACTGCATA,1
GC049234_CGATCAGT-CCTAGAGT,1
GC049234_CGATCAGT-CGTCTAAT,1
GC049234_CGATCAGT-CTAAGCCT,1
GC049234_CGATCAGT-CTATTAAG,1
GC049234_CGATCAGT-CTCTCTAT,2
GC049234_CGATCAGT-GAGCCTTA,1
GC049234_CGATCAGT-GCGTAAGA,1
GC049234_CGATCAGT-GTAAGGAG,2
GC049234_CGATCAGT-TATCCTCT,2
GC049234_CGATCAGT-TCGACTAG,1
GC049234_CGATCAGT-TCTCTCCG,1
GC049234_CGATCAGT-TTATGCGA,1
GC049234_CGATCAGT-TTCTAGCT,1
GC049234_CGGAGCCT-AAGGAGTA,1
GC049234_CGGAGCCT-AAGGCTAT,1
GC049234_CGGAGCCT-ACTGCATA,1
GC049234_CGGAGCCT-CCTAGAGT,1
GC049234_CGGAGCCT-CGTCTAAT,1
GC049234_CGGAGCCT-CTAAGCCT,1
GC049234_CGGAGCCT-CTATTAAG,1
GC049234_CGGAGCCT-CTCTCTAT,2
GC049234_CGGAGCCT-GAGCCTTA,1
GC049234_CGGAGCCT-GCGTAAGA,1
GC049234_CGGAGCCT-GTAAGGAG,2
GC049234_CGGAGCCT-TATCCTCT,2
GC049234_CGGAGCCT-TCGACTAG,1
GC049234_CGGAGCCT-TCTCTCCG,1
GC049234_CGGAGCCT-TTATGCGA,1
GC049234_CGGAGCCT-TTCTAGCT,1
GC049234_CGTACTAG-AAGGAGTA,1
GC049234_CGTACTAG-AAGGCTAT,1
GC049234_CGTACTAG-ACTGCATA,1
GC049234_CGTACTAG-CCTAGAGT,1
GC049234_CGTACTAG-CGTCTAAT,1
GC049234_CGTACTAG-CTAAGCCT,1
GC049234_CGTACTAG-CTATTAAG,1
GC049234_CGTACTAG-CTCTCTAT,2
GC049234_CGTACTAG-GAGCCTTA,1
GC049234_CGTACTAG-GCGTAAGA,1
GC049234_CGTACTAG-GTAAGGAG,2
GC049234_CGTACTAG-TATCCTCT,2
GC049234_CGTACTAG-TCGACTAG,1
GC049234_CGTACTAG-TCTCTCCG,1
GC049234_CGTACTAG-TTATGCGA,1
GC049234_CGTACTAG-TTCTAGCT,1
GC049234_CTCTCTAC-AAGGAGTA,1
GC049234_CTCTCTAC-AAGGCTAT,1
GC049234_CTCTCTAC-ACTGCATA,1
GC049234_CTCTCTAC-CCTAGAGT,1
GC049234_CTCTCTAC-CGTCTAAT,1
GC049234_CTCTCTAC-CTAAGCCT,1
GC049234_CTCTCTAC-CTATTAAG,1
GC049234_CTCTCTAC-CTCTCTAT,2
GC049234_CTCTCTAC-GAGCCTTA,1
GC049234_CTCTCTAC-GCGTAAGA,1
GC049234_CTCTCTAC-GTAAGGAG,2
GC049234_CTCTCTAC-TATCCTCT,2
GC049234_CTCTCTAC-TCGACTAG,1
GC049234_CTCTCTAC-TCTCTCCG,1
GC049234_CTCTCTAC-TTATGCGA,1
GC049234_CTCTCTAC-TTCTAGCT,1
GC049234_GCGTAGTA-AAGGAGTA,1
GC049234_GCGTAGTA-AAGGCTAT,1
GC049234_GCGTAGTA-ACTGCATA,1
GC049234_GCGTAGTA-CCTAGAGT,1
GC049234_GCGTAGTA-CGTCTAAT,1
GC049234_GCGTAGTA-CTAAGCCT,1
GC049234_GCGTAGTA-CTATTAAG,1
GC049234_GCGTAGTA-CTCTCTAT,2
GC049234_GCGTAGTA-GAGCCTTA,1
GC049234_GCGTAGTA-GCGTAAGA,1
GC049234_GCGTAGTA-GTAAGGAG,2
GC049234_GCGTAGTA-TATCCTCT,2
GC049234_GCGTAGTA-TCGACTAG,1
GC049234_GCGTAGTA-TCTCTCCG,1
GC049234_GCGTAGTA-TTATGCGA,1
GC049234_GCGTAGTA-TTCTAGCT,1
GC049234_GCTCATGA-AAGGAGTA,1
GC049234_GCTCATGA-AAGGCTAT,1
GC049234_GCTCATGA-ACTGCATA,1
GC049234_GCTCATGA-CCTAGAGT,1
GC049234_GCTCATGA-CGTCTAAT,1
GC049234_GCTCATGA-CTAAGCCT,1
GC049234_GCTCATGA-CTATTAAG,1
GC049234_GCTCATGA-CTCTCTAT,2
GC049234_GCTCATGA-GAGCCTTA,1
GC049234_GCTCATGA-GCGTAAGA,1
GC049234_GCTCATGA-GTAAGGAG,2
GC049234_GCTCATGA-TATCCTCT,2
GC049234_GCTCATGA-TCGACTAG,1
GC049234_GCTCATGA-TCTCTCCG,1
GC049234_GCTCATGA-TTATGCGA,1
GC049234_GCTCATGA-TTCTAGCT,1
GC049234_GGACTCCT-AAGGAGTA,1
GC049234_GGACTCCT-AAGGCTAT,1
GC049234_GGACTCCT-ACTGCATA,1
GC049234_GGACTCCT-CCTAGAGT,1
GC049234_GGACTCCT-CGTCTAAT,1
GC049234_GGACTCCT-CTAAGCCT,1
GC049234_GGACTCCT-CTATTAAG,1
GC049234_GGACTCCT-CTCTCTAT,2
GC049234_GGACTCCT-GAGCCTTA,1
GC049234_GGACTCCT-GCGTAAGA,1
GC049234_GGACTCCT-GTAAGGAG,2
GC049234_GGACTCCT-TATCCTCT,2
GC049234_GGACTCCT-TCGACTAG,1
GC049234_GGACTCCT-TCTCTCCG,1
GC049234_GGACTCCT-TTATGCGA,1
GC049234_GGACTCCT-TTCTAGCT,1
GC049234_GGAGCTAC-AAGGAGTA,1
GC049234_GGAGCTAC-AAGGCTAT,1
GC049234_GGAGCTAC-ACTGCATA,1
GC049234_GGAGCTAC-CCTAGAGT,1
GC049234_GGAGCTAC-CGTCTAAT,1
GC049234_GGAGCTAC-CTAAGCCT,1
GC049234_GGAGCTAC-CTATTAAG,1
GC049234_GGAGCTAC-CTCTCTAT,2
GC049234_GGAGCTAC-GAGCCTTA,1
GC049234_GGAGCTAC-GCGTAAGA,2
GC049234_GGAGCTAC-GTAAGGAG,1
GC049234_GGAGCTAC-TATCCTCT,2
GC049234_GGAGCTAC-TCGACTAG,1
GC049234_GGAGCTAC-TCTCTCCG,1
GC049234_GGAGCTAC-TTATGCGA,1
GC049234_GGAGCTAC-TTCTAGCT,1
GC049234_GTAGAGGA-AAGGAGTA,1
GC049234_GTAGAGGA-AAGGCTAT,1
GC049234_GTAGAGGA-ACTGCATA,1
GC049234_GTAGAGGA-CCTAGAGT,1
GC049234_GTAGAGGA-CGTCTAAT,1
GC049234_GTAGAGGA-CTAAGCCT,1
GC049234_GTAGAGGA-CTATTAAG,1
GC049234_GTAGAGGA-CTCTCTAT,2
GC049234_GTAGAGGA-GAGCCTTA,1
GC049234_GTAGAGGA-GCGTAAGA,1
GC049234_GTAGAGGA-GTAAGGAG,2
GC049234_GTAGAGGA-TATCCTCT,2
GC049234_GTAGAGGA-TCGACTAG,1
GC049234_GTAGAGGA-TCTCTCCG,1
GC049234_GTAGAGGA-TTATGCGA,1
GC049234_GTAGAGGA-TTCTAGCT,1
GC049234_TAAGGCGA-AAGGAGTA,1
GC049234_TAAGGCGA-AAGGCTAT,1
GC049234_TAAGGCGA-ACTGCATA,2
GC049234_TAAGGCGA-CCTAGAGT,1
GC049234_TAAGGCGA-CGTCTAAT,1
GC049234_TAAGGCGA-CTAAGCCT,1
GC049234_TAAGGCGA-CTATTAAG,1
GC049234_TAAGGCGA-GAGCCTTA,1
GC049234_TAAGGCGA-GCGTAAGA,1
GC049234_TAAGGCGA-GTAAGGAG,2
GC049234_TAAGGCGA-TATCCTCT,1
GC049234_TAAGGCGA-TCGACTAG,1
GC049234_TAAGGCGA-TCTCTCCG,1
GC049234_TAAGGCGA-TTATGCGA,1
GC049234_TAAGGCGA-TTCTAGCT,1
GC049234_TACGCTGC-AAGGAGTA,1
GC049234_TACGCTGC-AAGGCTAT,1
GC049234_TACGCTGC-ACTGCATA,1
GC049234_TACGCTGC-CCTAGAGT,1
GC049234_TACGCTGC-CGTCTAAT,1
GC049234_TACGCTGC-CTAAGCCT,1
GC049234_TACGCTGC-CTATTAAG,1
GC049234_TACGCTGC-CTCTCTAT,2
GC049234_TACGCTGC-GAGCCTTA,1
GC049234_TACGCTGC-GCGTAAGA,1
GC049234_TACGCTGC-GTAAGGAG,2
GC049234_TACGCTGC-TATCCTCT,2
GC049234_TACGCTGC-TCGACTAG,1
GC049234_TACGCTGC-TCTCTCCG,1
GC049234_TACGCTGC-TTATGCGA,1
GC049234_TACGCTGC-TTCTAGCT,1
GC049234_TAGCGCTC-AAGGAGTA,1
GC049234_TAGCGCTC-AAGGCTAT,1
GC049234_TAGCGCTC-ACTGCATA,1
GC049234_TAGCGCTC-CCTAGAGT,1
GC049234_TAGCGCTC-CGTCTAAT,1
GC049234_TAGCGCTC-CTAAGCCT,1
GC049234_TAGCGCTC-CTATTAAG,1
GC049234_TAGCGCTC-CTCTCTAT,2
GC049234_TAGCGCTC-GAGCCTTA,1
GC049234_TAGCGCTC-GCGTAAGA,1
GC049234_TAGCGCTC-GTAAGGAG,2
GC049234_TAGCGCTC-TATCCTCT,2
GC049234_TAGCGCTC-TCGACTAG,1
GC049234_TAGCGCTC-TCTCTCCG,1
GC049234_TAGCGCTC-TTATGCGA,1
GC049234_TAGCGCTC-TTCTAGCT,1
GC049234_TAGGCATG-AAGGAGTA,1
GC049234_TAGGCATG-AAGGCTAT,1
GC049234_TAGGCATG-ACTGCATA,1
GC049234_TAGGCATG-CCTAGAGT,1
GC049234_TAGGCATG-CGTCTAAT,1
GC049234_TAGGCATG-CTAAGCCT,1
GC049234_TAGGCATG-CTATTAAG,1
GC049234_TAGGCATG-CTCTCTAT,2
GC049234_TAGGCATG-GAGCCTTA,1
GC049234_TAGGCATG-GCGTAAGA,1
GC049234_TAGGCATG-GTAAGGAG,2
GC049234_TAGGCATG-TATCCTCT,2
GC049234_TAGGCATG-TCGACTAG,1
GC049234_TAGGCATG-TCTCTCCG,1
GC049234_TAGGCATG-TTATGCGA,1
GC049234_TAGGCATG-TTCTAGCT,1
GC049234_TCCTGAGC-AAGGAGTA,1
GC049234_TCCTGAGC-AAGGCTAT,1
GC049234_TCCTGAGC-ACTGCATA,1
GC049234_TCCTGAGC-CCTAGAGT,1
GC049234_TCCTGAGC-CGTCTAAT,1
GC049234_TCCTGAGC-CTAAGCCT,1
GC049234_TCCTGAGC-CTATTAAG,1
GC049234_TCCTGAGC-CTCTCTAT,2
GC049234_TCCTGAGC-GAGCCTTA,1
GC049234_TCCTGAGC-GCGTAAGA,1
GC049234_TCCTGAGC-GTAAGGAG,2
GC049234_TCCTGAGC-TATCCTCT,2
GC049234_TCCTGAGC-TCGACTAG,1
GC049234_TCCTGAGC-TCTCTCCG,1
GC049234_TCCTGAGC-TTATGCGA,1
GC049234_TCCTGAGC-TTCTAGCT,1
GC049234_TCGACGTC-AAGGAGTA,1
GC049234_TCGACGTC-AAGGCTAT,1
GC049234_TCGACGTC-ACTGCATA,1
GC049234_TCGACGTC-CCTAGAGT,1
GC049234_TCGACGTC-CGTCTAAT,1
GC049234_TCGACGTC-CTAAGCCT,1
GC049234_TCGACGTC-CTATTAAG,1
GC049234_TCGACGTC-CTCTCTAT,2
GC049234_TCGACGTC-GAGCCTTA,1
GC049234_TCGACGTC-GCGTAAGA,1
GC049234_TCGACGTC-GTAAGGAG,2
GC049234_TCGACGTC-TATCCTCT,2
GC049234_TCGACGTC-TCGACTAG,1
GC049234_TCGACGTC-TCTCTCCG,1
GC049234_TCGACGTC-TTATGCGA,1
GC049234_TCGACGTC-TTCTAGCT,1
GC049234_TGCAGCTA-AAGGAGTA,1
GC049234_TGCAGCTA-AAGGCTAT,1
GC049234_TGCAGCTA-ACTGCATA,1
GC049234_TGCAGCTA-CCTAGAGT,1
GC049234_TGCAGCTA-CGTCTAAT,1
GC049234_TGCAGCTA-CTAAGCCT,1
GC049234_TGCAGCTA-CTATTAAG,1
GC049234_TGCAGCTA-CTCTCTAT,2
GC049234_TGCAGCTA-GAGCCTTA,1
GC049234_TGCAGCTA-GCGTAAGA,1
GC049234_TGCAGCTA-GTAAGGAG,2
GC049234_TGCAGCTA-TATCCTCT,2
GC049234_TGCAGCTA-TCGACTAG,1
GC049234_TGCAGCTA-TCTCTCCG,1
GC049234_TGCAGCTA-TTATGCGA,1
GC049234_TGCAGCTA-TTCTAGCT,1